limited,544
magnetic,393
yellow,918
four,202
asian,1555
consists,641
oldest,1354
relationships,1666
whose,654
feeding,1766
electricity,1661
risk,391
rise,543
every,384
affect,1029
vast,1910
school,408
crops,1308
companies,1134
solution,509
vector,1944
methane,1659
force,145
direct,821
surrounding,1097
likely,450
arms,1986
estimated,530
even,69
established,584
organisms,177
cooking,1821
asia,556
fossil,912
new,16
net,1309
increasing,541
ever,1708
consisting,1522
men,937
atoms,458
reported,813
protection,848
china,330
ethanol,1885
active,561
path,1739
100,653
dry,503
substance,1004
oxford,1644
items,1963
study,131
changed,1557
military,388
suitable,1725
changes,218
diameter,835
classification,674
highly,394
county,1027
visible,716
total,262
unit,383
dna,174
army,1715
mexico,744
negative,721
music,417
therefore,283
survive,1609
type,82
separated,1504
females,987
lungs,1903
populations,697
successful,1374
glass,537
warm,1604
adult,966
hole,1421
hold,1521
must,160
word,158
room,1449
soils,1161
mm,1036
work,101
mi,899
theories,1138
oxide,1133
era,1074
concepts,1631
already,1319
root,1162
example,20
give,708
india,442
involve,1724
indicates,1942
foods,1224
times,150
absolute,1696
end,217
provide,277
travel,1098
feature,1288
machine,1551
hot,837
toxic,1369
widespread,1482
oceans,1497
description,1898
earlier,1089
dinosaurs,1601
president,1307
law,154
parallel,1458
types,80
attempt,1817
third,560
sets,1794
fungi,959
greek,314
maintain,1344
green,373
suggest,1610
vapor,1434
order,211
wind,339
operations,1873
office,1915
vary,755
london,490
japan,895
personal,1250
writing,1513
better,762
production,94
weeks,1658
strength,941
eventually,883
affected,1116
diseases,698
combination,972
break,1378
band,779
effects,234
schools,1095
silver,1185
structural,1147
represents,1473
meat,1026
oxygen,182
classified,733
l,1152
rocks,816
side,274
bone,845
mean,864
snakes,1560
series,359
principles,1695
used,3
laboratory,1179
network,1057
god,1328
vessels,1422
particles,252
medicine,891
perception,1950
linear,1585
given,159
free,406
standard,351
management,648
formation,317
referencesedit,1406
chlorine,1280
created,354
days,402
silicon,1719
atp,1545
uses,236
onto,1605
industrial,431
features,601
primary,303
another,74
thick,1581
electronic,1330
mercury,1985
service,609
similarly,1439
top,518
approximately,369
needed,896
rates,729
observations,1359
starch,1932
john,392
dogs,1164
glucose,1349
urban,1105
tool,1952
serve,1404
took,1327
japanese,1068
western,331
begins,1345
distance,352
target,1300
showed,1337
tree,714
second,152
nations,789
project,788
matter,200
classes,1827
iron,253
membranes,1958
disambiguation,684
modern,73
spectrum,1088
seed,1180
seen,334
relatively,356
traditionally,1342
latter,1111
responsible,860
snow,1121
metallic,1984
sound,482
causing,818
absorbed,1851
forces,390
blue,516
though,193
object,344
anatomy,1960
regular,1384
germany,1226
letter,1208
phase,564
zealand,1550
singer,1953
observation,1664
medical,517
metal,295
dog,1802
points,723
principle,1030
came,1015
planetary,1976
aquatic,1743
insects,748
colors,1355
radio,707
solutions,1403
earth,72
finally,1689
just,382
explain,1888
sugar,1076
rich,1823
plate,731
mixture,1251
wide,463
air,57
de,316
fluid,578
legs,1840
coast,1032
despite,1129
report,1202
societies,1921
runs,1863
countries,143
fields,686
public,223
release,838
steam,1621
reference,854
testing,1688
observed,421
depends,1040
radius,1389
result,128
cattle,1665
best,703
techniques,839
brazil,1831
oceanic,1933
combustion,1255
capacity,1050
away,586
artificial,1426
future,968
approach,981
discovery,890
never,1211
terms,280
nature,282
oxidation,1423
weak,1686
however,22
wear,1748
extent,1501
carbon,123
hundreds,1876
improve,1594
suggested,995
ranges,1632
protect,1297
country,410
heating,1462
players,1568
games,1148
logic,1480
distinction,1798
genus,738
adapted,1796
appeared,1593
character,1006
mutations,1227
height,1017
represented,1727
viruses,962
engines,1274
basis,870
union,743
three,66
quickly,1106
much,64
interest,947
basic,592
expected,1197
basin,1822
obtained,1339
life,81
families,1266
eastern,858
drugs,1839
quantities,1233
child,1499
applied,444
earth's,302
n,984
calcium,477
near,267
aid,1367
property,657
k,862
seven,1286
played,1099
ii,638
player,764
tissue,642
grown,1576
containing,595
perform,1824
things,1271
make,149
complex,241
several,60
survival,1650
european,272
independent,1014
satellite,1332
published,536
rain,1103
hand,514
cycle,361
kept,1697
programs,1737
cultural,846
ocean,292
academic,1779
contact,701
mother,1486
left,610
co2,1258
proposed,606
identify,1707
human,43
ecosystems,1683
yet,1048
previous,1763
sciences,1323
regarded,1977
royal,1252
spread,809
east,436
plasma,1246
gave,1842
melting,1856
rna,978
possible,225
possibly,1341
fusion,1238
birth,961
cape,1945
apart,1783
unique,1195
advanced,1833
occurring,1414
neutrons,1392
50,1051
specific,205
night,1235
NEWFILENEWFILE,144
right,437
old,319
people,48
dead,1645
born,646
meters,1900
multiple,525
dense,1681
bottom,1394
electromagnetic,1151
opposite,1370
ice,270
continue,1441
core,745
manufacturing,1563
properties,238
months,919
o,1385
costs,1456
islands,808
slightly,936
nerve,1324
presence,581
civil,1336
bound,1634
world's,645
coastal,1616
reducing,1187
methods,375
support,496
initial,1407
sunlight,1603
conservation,1108
way,136
resulted,1919
war,206
synthesis,1045
head,546
medium,1021
form,17
forming,976
becoming,1524
differences,914
heat,140
solar,208
removed,1263
true,566
week,1865
reproductive,1893
traits,1797
inside,549
attached,1253
maximum,1008
devices,1182
crystal,1573
economic,447
stages,1523
°c,403
°f,833
evidence,242
exist,535
physical,180
nm,1732
floor,1475
whereas,798
generally,102
actor,1278
conditions,168
role,298
digital,1399
test,752
erosion,923
models,695
football,855
diet,1402
scale,364
variable,1536
died,1967
billion,489
longer,467
corresponding,1626
typically,112
together,305
teeth,1296
serious,1829
nuclei,1365
laws,932
concept,508
chain,797
global,377
focus,1492
leads,1451
skin,346
abundant,1750
milk,666
layers,985
depend,1970
zone,844
technique,1409
environment,315
0,1861
charge,902
reptiles,1684
division,1009
supported,1878
advantage,1641
clouds,1055
level,164
rights,1401
standards,1282
p,759
team,639
prevent,618
revolution,1064
cost,926
bacterial,1044
bacteria,231
appear,588
current,307
international,183
filled,1974
temperatures,451
transportation,1804
genes,484
french,268
understanding,1119
water,6
baseball,1538
groups,204
alone,1790
along,155
appears,965
change,142
canadian,1127
institute,1219
studied,1395
commonly,169
historical,997
usually,34
studies,257
useful,810
rarely,1813
market,794
working,885
positive,832
france,640
live,524
prey,861
australian,1264
theoretical,1916
today,473
rainfall,1742
apparent,1834
visual,1348
employed,1937
cases,279
organizations,1693
thousands,1427
originally,946
modified,1549
values,1049
can,1
believed,732
making,310
heart,671
stream,1310
frogs,1883
december,751
agent,1758
sample,1734
performed,1531
council,1907
allowed,882
hydrogen,224
occur,215
rays,1949
requirements,1726
winter,903
divided,643
means,230
offspring,1818
chemical,86
immune,1699
pure,1104
eight,1846
economy,1231
map,1767
product,401
influenced,1867
may,4
southern,465
applications,572
produce,114
designed,619
date,741
data,271
grow,711
man,1126
stress,1269
natural,70
varieties,1858
liquid,306
st,1943
african,796
definitions,1586
typical,876
wavelengths,1897
mainly,673
years,30
brain,547
experiments,1035
nitrogen,371
cold,626
still,147
birds,395
group,104
decreases,1948
forms,120
policy,1537
main,210
decades,1782
texas,1340
3,237
processes,289
records,1596
half,533
now,165
killed,1668
term,77
name,141
james,1189
proteins,256
rock,321
entirely,1528
square,811
significantly,1140
elephants,1830
ed,786
18th,1437
year,79
wavelength,1623
album,495
living,318
shown,570
space,129
increase,216
contained,1951
internet,1270
formula,1175
shows,1047
theory,87
state,49
million,93
mechanisms,1290
quite,1567
california,670
marine,620
care,1146
training,1717
language,441
transition,1281
british,250
sediment,1909
motion,438
turn,661
place,233
massive,1493
altitude,1905
first,9
origin,531
one,5
specifically,1241
directly,405
spanish,930
carry,1081
ring,1547
open,455
george,1546
size,148
city,209
little,379
district,1592
23,1889
carbonate,1530
plastic,1139
indicate,1452
cooling,1405
2,99
moisture,1558
convention,1947
white,243
structures,320
frame,1655
gives,1039
eyes,850
mostly,551
season,1193
continuous,1535
released,787
flowers,1736
chromosomes,1470
population,106
11,1217
10,340
television,769
12,824
15,869
14,1259
17,1628
16,1387
18,1279
require,692
metabolism,1687
r,925
magnesium,1362
russia,1908
soil,84
san,1565
remained,1795
locations,1722
saw,1975
efficient,1764
ideas,1471
note,1891
equipment,1087
ideal,1901
potential,337
take,407
online,1372
interior,1532
performance,1272
channel,1682
200,1959
begin,1759
pain,1338
normal,464
price,1562
enter,1956
molecule,1001
dioxide,426
falls,1981
pair,1432
america,240
pages,1777
radioactive,1762
especially,190
considered,133
average,287
later,146
drive,1788
ways,866
pattern,989
professional,1010
salt,699
quantity,1196
show,478
german,440
friction,1260
discovered,460
bright,1995
ground,299
slow,1381
ratio,739
title,1825
proportion,1884
behind,1115
wood,612
black,332
get,1490
nearly,652
secondary,761
radar,1927
miles,1379
vision,1637
relative,519
college,1013
alsoedit,1527
calendar,1256
surfaces,907
parent,1680
compounds,221
federal,1247
subsequent,1992
review,1772
sites,1223
materials,226
outside,587
phosphate,1799
reading,1042
across,348
august,901
vertical,1225
regional,1814
20,550
cities,651
come,834
reaction,355
many,7
region,249
termed,1740
according,170
contract,1775
s,827
expression,1239
comes,892
among,151
cancer,419
color,232
effective,778
period,153
60,1849
pole,1468
learning,1710
article,1463
associated,207
extinct,1425
amino,1023
late,328
arts,1868
capable,1361
west,476
tropical,982
combined,1062
mars,1207
engine,815
direction,439
formed,220
external,175
former,993
^,1929
case,214
developing,897
single,162
situation,1902
mining,1525
characteristics,767
middle,341
protein,265
helium,878
different,25
develop,709
april,801
media,910
constructed,1703
events,511
status,1165
oil,342
centuries,1056
arctic,1553
running,1612
fruit,1060
changing,1633
tradition,1853
largely,977
roughly,1107
severe,1213
without,157
components,658
model,244
researchers,1311
charged,1769
summer,994
money,1529
rest,856
foot,1540
kill,1718
speed,336
death,527
except,1052
geological,1728
treatment,597
republic,1420
extensive,1481
bread,1841
momentum,1653
real,1033
aspects,1954
around,61
easily,881
rules,988
dark,911
traffic,1561
vacuum,1460
using,54
accepted,1570
fossils,1368
particle,795
nutrients,772
lightning,1892
t,1018
fully,1216
output,1459
reduced,613
exposed,1438
pacific,1092
images,1373
provided,879
tube,1199
recorded,1005
legal,792
moon,521
critical,1411
lunar,1638
provides,776
refer,433
measuring,1819
scientific,333
power,161
equivalent,1093
notable,1508
notably,1828
refers,548
stone,1677
central,229
island,637
industry,461
meaning,338
practical,1517
greatly,1447
act,429
mixed,1314
bond,1543
road,1043
cambridge,1807
burning,1955
communication,1136
image,991
references,322
determine,1003
fast,1733
area,76
sides,1533
start,1360
cats,1994
low,117
stars,312
cultures,1086
valley,1412
fish,291
complete,754
enough,471
mammals,506
faster,1890
october,924
emissions,1514
strongly,1635
required,353
ad,1673
taste,1716
certain,185
describe,1024
deer,1192
al,1721
deep,740
general,132
britain,1265
daily,1625
planets,777
controlled,1303
moves,1615
film,290
storage,1065
depth,1410
field,134
5,454
mathematics,1122
poor,1507
polar,1176
separate,623
students,1123
symbol,1131
time,18
m,194
includes,370
important,75
nucleus,877
peak,1922
included,724
13,1358
building,624
acids,474
mass,71
starting,1396
original,563
represent,1445
consider,1914
chinese,602
caused,248
lack,631
month,1770
founded,1667
spacecraft,1904
zinc,1366
religious,1112
children,413
causes,327
synthetic,1498
content,630
hunting,1267
tv,1990
tail,1600
program,898
spain,1785
health,198
activities,1037
song,888
far,411
fat,1584
resistance,680
ultraviolet,1613
fall,1053
laser,1424
difference,734
condition,1236
17th,1988
list,472
large,28
sand,1028
small,42
biological,404
20th,720
ten,1502
tea,1676
past,790
winds,1847
rate,176
design,380
pass,1564
link,1746
sun,203
section,1240
crust,1295
version,1741
scientists,614
method,285
contrast,868
movement,389
full,783
component,875
hours,803
excess,1837
i.e,598
november,980
strong,400
linksedit,1845
allows,580
experience,992
prior,1477
amount,235
social,213
action,468
narrow,1812
via,466
followed,800
family,251
africa,360
extinction,1117
eye,785
takes,908
distinct,758
contains,347
two,8
generate,1679
6,577
taken,615
injury,1998
minor,1854
flat,1313
substances,979
company,603
emission,1810
particular,239
known,12
producing,958
town,859
hour,1895
science,167
equation,938
protons,1805
→,928
remain,917
evolved,784
v,1154
male,492
specialized,1191
history,90
ions,851
brown,1284
share,1518
states,24
numbers,445
sense,600
species,10
salts,1520
axis,1363
terrestrial,1393
information,178
needs,1198
court,1408
rather,246
technology,397
acts,1515
occasionally,1729
plant,127
ft,576
intended,1559
derived,491
long,108
plane,1262
blood,124
waves,573
horizontal,1700
response,635
short,386
enzymes,944
coal,1220
fundamental,1299
egg,1589
help,628
september,893
developed,138
soon,1872
trade,665
held,737
thermal,766
paper,591
signs,1979
existence,1153
kinetic,1418
roots,1078
24,1329
25,1071
style,1495
rapidly,1022
21,1751
22,1656
sodium,480
lateral,1991
actually,1077
symptoms,1188
detected,1879
systems,91
might,589
good,522
return,1472
food,56
males,921
walls,1124
compound,1132
communities,1398
association,644
growing,857
always,585
predators,1228
found,27
characterized,1643
referred,329
heavy,756
reactions,559
england,486
weight,367
generation,1141
house,931
energy,21
hard,999
reduce,555
idea,1069
extended,1491
measurement,1046
quantum,1186
operation,1574
beyond,1289
event,865
alcohol,1866
robert,1183
since,50
research,122
safety,847
7,929
issue,1894
occurs,227
reason,956
base,357
members,499
put,1505
earliest,873
beginning,765
algae,1072
definition,313
pairs,1832
benefits,1780
e.g,173
american,40
w,1351
feed,1168
copper,773
major,103
upper,621
number,32
feet,817
done,954
story,1738
temperature,65
introduction,1443
leading,689
least,275
regulation,1730
station,1566
passed,1636
molecular,512
muscles,1041
storm,1925
relationship,874
park,836
part,53
translation,1940
king,974
kind,1382
b,111
double,1509
ranging,1757
determined,828
toward,1494
treated,1784
ages,1413
concentration,590
organs,1489
mountain,884
u.s,263
built,528
zero,1435
depending,493
also,2
internal,488
build,1980
play,552
towards,922
electric,649
eggs,793
measures,1511
reach,953
virus,983
plan,1969
significant,278
services,775
alpha,1801
measured,583
kg,1419
mineral,951
clear,1137
sometimes,83
cover,1101
km,608
traditional,462
dissolved,1869
optical,1552
electrons,596
bodies,568
velocity,753
organism,967
institutions,1926
thomas,1855
particularly,343
phenomenon,1322
gold,749
relation,1541
fine,1815
find,1249
impact,629
access,1079
giant,1416
northern,399
nervous,1791
enzyme,1291
experiment,1709
factor,933
8,934
circle,1234
dominant,1627
dependent,1720
trees,782
famous,1663
actress,1649
closely,1150
remove,1917
common,29
activity,349
x,1080
river,273
wrote,1774
set,212
art,679
achieved,1778
vertebrates,1745
sex,1232
culture,483
see,39
individual,309
sea,171
close,562
practice,719
currently,990
various,107
probably,964
numerous,1061
available,261
latin,424
recently,1020
creating,1181
initially,1773
sold,1306
aircraft,1063
league,1436
c,365
last,428
annual,1293
foreign,1826
roman,469
became,188
context,1597
whole,841
experimental,1539
volcanic,1474
point,125
simple,459
community,669
deposits,1444
simply,963
church,1591
throughout,443
pp,1768
described,323
create,617
political,579
due,55
reduction,1347
describes,1685
ph,942
territory,1496
4,378
flight,1318
fire,456
gas,121
lives,1987
liver,1130
demand,1356
towns,1789
plants,59
solid,494
replaced,1113
behavior,705
guide,1752
kingdom,667
30,677
century,41
binding,1506
neurons,1749
italy,1968
fibers,1678
shorter,1896
widely,453
9,1277
resulting,452
composition,849
neutron,1415
higher,130
development,92
literature,1144
fatty,1906
flows,1747
levels,199
moving,656
purpose,1174
recent,430
early,52
lower,163
older,1158
analysis,479
person,449
edge,1229
organization,802
chemistry,526
pollen,1936
distances,1886
isolated,1852
shape,448
atomic,806
world,23
alternative,1066
continent,1918
cut,1388
majority,826
workers,1692
signals,1201
source,201
location,822
remaining,1478
australia,538
march,647
big,1159
game,498
damage,532
precipitation,950
formal,1575
d,335
follows,1608
signal,1038
clay,1476
individuals,501
popular,311
essential,939
mathematical,1145
often,13
metabolic,1776
spring,1292
creation,1744
back,258
metres,1620
understood,1642
added,742
examples,324
gradually,1957
and/or,1204
measurements,1371
per,89
religion,1705
hydroxide,1966
either,119
varying,1713
run,1054
bc,554
processing,1400
lakes,1214
step,1887
become,156
wildlife,1999
goods,1702
range,139
involving,1848
mouth,1571
pollution,1110
colorado,1690
within,44
primarily,557
sports,1102
canal,1882
classical,1025
extremely,943
question,1913
gases,730
mountains,975
inches,1674
potassium,842
atlantic,1442
competition,1548
atom,1109
russian,1911
line,294
consist,1731
characteristic,1171
uv,1938
us,304
planet,688
uk,952
similar,88
called,14
constant,520
adults,1651
defined,288
flow,293
influence,852
metals,746
engineering,725
diverse,1781
amounts,710
uranium,1803
application,1059
electrical,829
genome,1000
department,1590
elements,228
problems,694
william,1100
generated,1334
allowing,1012
desert,1304
structure,96
ago,569
land,172
e,927
physics,523
age,260
vehicles,1242
orbit,713
2002,1556
2003,1364
2000,957
2001,1430
2006,760
2007,662
2004,1073
2005,807
fresh,1624
2008,700
2009,757
requires,853
code,1243
results,345
existing,1706
served,1935
go,1569
ammonia,1326
issues,1391
young,660
languages,949
stable,632
include,36
resources,712
continues,1850
wave,605
electron,446
cellular,1512
drinking,1993
continued,1429
minerals,717
categories,1971
entire,970
transmission,1526
gender,1487
notes,1335
race,1996
car,1870
noted,1671
smaller,325
crop,1453
rivers,1166
video,1090
acid,116
universities,1704
index,1466
plays,1862
business,1031
giving,1488
expressed,1320
practices,1899
cell,68
19th,655
indian,774
capital,1383
bird,1723
body,62
led,376
degree,840
exchange,1167
respectively,1221
commercial,627
following,276
objects,368
separation,1997
others,245
extreme,1346
great,191
biodiversity,1617
technical,1808
involved,678
larger,197
alaska,1973
leaving,1806
suggests,1301
products,296
insulin,1811
gene,515
makes,558
involves,1019
composed,574
named,594
scales,1619
egypt,1380
private,1210
decrease,1461
names,728
motor,1200
tools,1331
cloud,916
use,11
figure,1761
consumption,960
&,385
remains,690
next,768
vehicle,1285
chloride,1375
historically,1503
started,1598
becomes,565
occurred,1237
infection,1483
actual,1516
women,582
account,1190
animals,78
f,1350
tunnel,1662
thin,1283
control,195
links,416
process,45
purposes,1007
high,31
professor,1859
something,1469
bones,1096
native,791
united,33
syndrome,1765
clothing,1983
six,735
regions,301
located,487
varies,948
forest,693
animal,247
instead,415
circular,1754
buildings,1588
philosophy,887
collection,1206
concentrations,1114
light,51
lines,696
element,534
allow,500
evolutionary,1084
produces,819
astronomical,1648
move,622
produced,98
including,38
agricultural,996
1,100
outer,814
decay,871
masses,1820
ships,1694
permanent,1857
degrees,1209
instruments,1880
2015,1254
2014,1075
2011,727
2010,540
2013,913
2012,831
designs,1982
greater,297
dam,1457
material,113
bat,1874
front,973
rotation,1170
day,137
february,715
university,135
identified,945
magnitude,1212
related,179
society,409
frequency,616
measure,676
sexual,909
special,529
category,1941
cause,115
red,192
dictionary,1672
interactions,1173
retrieved,1607
galaxies,1455
completely,1177
york,396
interaction,1244
organic,308
g,894
florida,1317
keep,1157
length,358
hence,1156
south,118
isbn,186
powerful,1923
reached,1479
quality,672
ancient,254
los,1871
unknown,1640
system,19
adopted,1583
final,1343
shell,1800
environmental,412
chemicals,1257
branches,1964
july,718
UNK,0
steel,935
zones,1816
reproduction,1070
providing,1484
need,504
linked,1606
angle,750
agency,1877
able,425
gravity,880
mechanism,812
instance,1083
subject,726
vegetation,1698
worldwide,1128
centre,1446
dutch,1572
said,659
connected,1316
eukaryotes,1714
device,1248
class,636
disease,266
brought,1450
face,1325
mechanical,681
normally,825
fact,625
atmosphere,269
selection,955
text,1691
charles,1222
greenhouse,1577
apollo,1657
based,109
knowledge,607
receptors,1961
molecules,300
fuel,604
sulfur,804
local,264
achieve,1989
equilibrium,1578
bonds,1294
overall,1160
joint,1639
ones,1534
words,763
areas,85
sperm,1580
evolution,457
course,1184
h,650
teams,1792
contain,259
fixed,1016
cells,46
view,900
europe,219
j,906
exists,1519
national,95
humans,166
intensity,1875
computer,599
record,823
nuclear,432
tend,685
written,886
converted,1544
closed,1440
membrane,567
boundary,1417
ends,1630
ability,470
importance,1431
vitamin,1920
efficiency,1376
hypothesis,1203
key,863
problem,687
david,1276
taking,1542
equal,691
etc,722
kinds,1760
otherwise,1315
cm,1275
wall,843
environments,1149
news,1155
table,986
addition,284
genetic,362
slowly,1670
waste,682
define,1931
isotopes,1454
contribute,1793
diversity,998
received,1787
moved,1756
sufficient,1500
climate,387
covered,1230
improved,1809
present,184
novel,1245
atmospheric,781
survey,1860
unlike,1094
appearance,1067
value,374
will,26
wild,889
balance,1397
layer,381
almost,363
lichens,1881
thus,110
site,805
surface,35
orbital,1843
perhaps,1618
began,422
radiation,286
cross,1836
member,1485
parts,181
largest,196
units,485
party,1433
difficult,704
ball,427
upon,423
effect,187
ion,1163
dust,1178
frequently,905
center,398
colour,1652
well,47
thought,326
patterns,969
english,126
position,513
muscle,510
soviet,1864
rocket,1924
less,67
increasingly,1614
accurate,1962
domestic,1312
sources,414
stored,1305
web,1120
rapid,1135
density,497
absorption,1554
supply,706
sky,1386
lake,683
reasons,1622
wet,1835
usage,1287
identical,1965
increased,255
government,281
increases,545
five,435
press,420
loss,434
necessary,915
like,63
lost,904
sizes,1939
ozone,675
january,633
leaves,611
works,799
soft,1205
italian,1377
habitat,1194
sequence,663
phenomena,1587
library,1273
hair,1142
growth,189
proper,1582
home,505
empire,1143
transport,553
leaf,1753
lead,366
broad,1579
avoid,1390
mutation,1660
chains,1771
biology,920
noise,1934
medieval,1357
journal,1465
expansion,1448
pressure,97
host,940
although,58
stage,872
rare,1002
carried,1118
universe,634
recognized,1321
seeds,1011
introduced,702
software,1510
previously,1353
washington,1786
functional,1669
weather,542
female,507
mississippi,1701
additional,820
transfer,770
museum,1215
continental,1268
bees,1735
inner,1218
breeding,1844
phosphorus,1675
naturally,1261
function,222
cricket,1595
north,105
brand,1352
volume,372
construction,593
gain,1978
highest,780
eat,1755
partially,1930
made,37
places,867
whether,575
ecosystem,1928
gravitational,1125
official,1172
variations,1464
placed,1091
books,1085
limit,1298
distribution,771
minutes,1428
display,1302
mechanics,1629
deaths,1611
universal,1912
tissues,1467
consumed,1972
periods,1058
aristotle,1946
et,1647
crystals,1646
education,475
chromosome,1654
functions,747
compared,664
variety,350
agriculture,971
percent,668
forests,1082
40,1602
book,502
branch,1599
canada,539
star,481
june,736
variation,1034
ecological,1711
astronomy,1712
hemisphere,1838
exposure,830
–,15
—,571
factors,418
rule,1169
portion,1333
